{"cameraMode":{"drawMode":0,"name":"Shaded","section":"Shading Mode"},"sceneLighting":false,"audioPlay":false,"sceneViewState":{"showFog":true,"showMaterialUpdate":false,"showSkybox":false,"showFlares":true,"showImageEffects":true,"showParticleSystems":true},"in2DMode":false,"pivot":{"x":0.0029577016830444338,"y":1.095088005065918,"z":0.0},"rotation":{"x":-0.4858282208442688,"y":0.0005218242877162993,"z":-0.00029001678922213614,"w":-0.8740546703338623},"size":7.36801290512085,"orthographic":false}